link, caption
https://scontent.fymq3-1.fna.fbcdn.net/v/t1.6435-9/47577264_1775144342594388_7222816892178661376_n.jpg?_nc_cat=103&ccb=1-7&_nc_sid=8bfeb9&_nc_ohc=s9qXTkn9ip4AX8lkXqK&_nc_ht=scontent.fymq3-1.fna&oh=00_AfAz5vtrVGSTwsyes-KCjK3RBb5q73Ax4LvJh11B9_GQ7g&oe=6385704B, CCFOI 2018
https://api.lorem.space/image/fashion?w=220&h=220, une experience extraordinaire
https://api.lorem.space/image/fashion?w=220&h=220, une experience extraordinaire
https://api.lorem.space/image/fashion?w=220&h=220, une experience extraordinaire
https://api.lorem.space/image/fashion?w=220&h=220, une experience extraordinaire
https://api.lorem.space/image/fashion?w=220&h=220, une experience extraordinaire
https://api.lorem.space/image/fashion?w=220&h=220, une experience extraordinaire
https://api.lorem.space/image/fashion?w=220&h=220, une experience extraordinaire
https://api.lorem.space/image/fashion?w=220&h=220, une experience extraordinaire
https://api.lorem.space/image/fashion?w=220&h=220, une experience extraordinaire
https://api.lorem.space/image/fashion?w=220&h=220, une experience extraordinaire
https://api.lorem.space/image/fashion?w=220&h=220, une experience extraordinaire
https://api.lorem.space/image/fashion?w=220&h=220, une experience extraordinaire
https://api.lorem.space/image/fashion?w=220&h=220, une experience extraordinaire
https://api.lorem.space/image/fashion?w=220&h=220, une experience extraordinaire
https://api.lorem.space/image/fashion?w=220&h=220, une experience extraordinaire
https://api.lorem.space/image/fashion?w=220&h=220, une experience extraordinaire
https://api.lorem.space/image/fashion?w=220&h=220, une experience extraordinaire
